Image_Name,Id
n008_23_.tif,3
n038_11_.tif,3
is052_21_.tif,1
is057_13_.tif,1
is055_03_.tif,1
iv004_00_.tif,2
b057_00_.tif,0
is027_23_.tif,1
iv029_01_.tif,2
is082_13_.tif,1
is018_22_.tif,1
is030_11_.tif,1
b085_21_.tif,0
is025_13_.tif,1
is100_02_.tif,1
b018_23_.tif,0
iv095_10_.tif,2
iv100_23_.tif,2
n029_13_.tif,3
iv012_21_.tif,2
iv005_13_.tif,2
iv072_22_.tif,2
b052_22_.tif,0
n031_01_.tif,3
is050_00_.tif,1
b013_02_.tif,0
n081_12_.tif,3
b022_21_.tif,0
is099_03_.tif,1
b029_23_.tif,0
is004_00_.tif,1
n001_20_.tif,3
iv006_13_.tif,2
b025_11_.tif,0
iv086_13_.tif,2
iv080_21_.tif,2
iv011_13_.tif,2
b006_23_.tif,0
n029_11_.tif,3
is038_22_.tif,1
iv083_23_.tif,2
b089_12_.tif,0
b022_10_.tif,0
iv020_03_.tif,2
is085_20_.tif,1
iv090_01_.tif,2
b085_01_.tif,0
n071_00_.tif,3
is027_20_.tif,1
iv071_10_.tif,2
n018_02_.tif,3
n027_22_.tif,3
n088_13_.tif,3
n025_21_.tif,3
b028_22_.tif,0
iv045_20_.tif,2
n022_13_.tif,3
is077_22_.tif,1
b037_11_.tif,0
b090_03_.tif,0
iv022_21_.tif,2
b008_02_.tif,0
iv093_13_.tif,2
iv009_13_.tif,2
n054_12_.tif,3
iv039_21_.tif,2
n046_21_.tif,3
iv059_00_.tif,2
n046_10_.tif,3
n061_10_.tif,3
iv041_11_.tif,2
b094_21_.tif,0
b091_10_.tif,0
b083_23_.tif,0
is024_20_.tif,1
iv048_20_.tif,2
iv082_12_.tif,2
is100_13_.tif,1
iv071_01_.tif,2
iv091_03_.tif,2
b098_23_.tif,0
n085_03_.tif,3
is052_13_.tif,1
b081_03_.tif,0
b099_01_.tif,0
is086_23_.tif,1
n081_23_.tif,3
b013_00_.tif,0
n026_10_.tif,3
b088_22_.tif,0
n045_10_.tif,3
iv037_13_.tif,2
is088_10_.tif,1
b040_20_.tif,0
n064_23_.tif,3
iv021_20_.tif,2
b028_11_.tif,0
n098_01_.tif,3
n043_21_.tif,3
b029_01_.tif,0
n031_13_.tif,3
iv036_12_.tif,2
iv074_11_.tif,2
is045_01_.tif,1
n070_20_.tif,3
iv054_01_.tif,2
b084_13_.tif,0
is023_21_.tif,1
iv036_02_.tif,2
n096_21_.tif,3
iv019_13_.tif,2
b055_11_.tif,0
n086_13_.tif,3
is069_20_.tif,1
n082_22_.tif,3
iv078_03_.tif,2
is036_13_.tif,1
iv041_20_.tif,2
is092_21_.tif,1
b041_02_.tif,0
b093_22_.tif,0
iv011_23_.tif,2
n034_12_.tif,3
iv087_21_.tif,2
is050_13_.tif,1
b008_12_.tif,0
iv070_03_.tif,2
iv079_21_.tif,2
b069_11_.tif,0
is087_23_.tif,1
iv021_11_.tif,2
is005_23_.tif,1
is076_10_.tif,1
b048_20_.tif,0
n097_12_.tif,3
n029_01_.tif,3
n054_03_.tif,3
b017_21_.tif,0
b074_13_.tif,0
b075_02_.tif,0
n060_22_.tif,3
n032_13_.tif,3
iv030_20_.tif,2
n073_02_.tif,3
is048_10_.tif,1
n069_03_.tif,3
iv013_21_.tif,2
is011_11_.tif,1
is036_00_.tif,1
iv053_20_.tif,2
b040_22_.tif,0
is032_03_.tif,1
b066_22_.tif,0
is063_21_.tif,1
b061_03_.tif,0
is082_12_.tif,1
n048_00_.tif,3
b042_01_.tif,0
iv035_21_.tif,2
is089_03_.tif,1
n061_12_.tif,3
n011_20_.tif,3
n050_01_.tif,3
b001_10_.tif,0
b041_10_.tif,0
b010_20_.tif,0
is081_13_.tif,1
b077_00_.tif,0
b056_21_.tif,0
is052_22_.tif,1
n090_23_.tif,3
iv076_20_.tif,2
b099_11_.tif,0
b095_03_.tif,0
iv017_02_.tif,2
iv069_02_.tif,2
n031_22_.tif,3
b065_10_.tif,0
n092_23_.tif,3
iv095_20_.tif,2
iv044_03_.tif,2
n021_21_.tif,3
n077_23_.tif,3
is036_23_.tif,1
is098_13_.tif,1
n099_23_.tif,3
is072_00_.tif,1
is051_12_.tif,1
iv053_21_.tif,2
is033_12_.tif,1
b007_00_.tif,0
b075_23_.tif,0
n060_10_.tif,3
iv089_03_.tif,2
is018_01_.tif,1
is050_20_.tif,1
iv021_12_.tif,2
is025_10_.tif,1
is014_22_.tif,1
iv083_20_.tif,2
iv066_12_.tif,2
is036_03_.tif,1
iv096_21_.tif,2
b084_03_.tif,0
iv034_10_.tif,2
n089_01_.tif,3
n098_20_.tif,3
is029_03_.tif,1
b060_23_.tif,0
n042_13_.tif,3
b039_00_.tif,0
b033_02_.tif,0
n083_13_.tif,3
is026_20_.tif,1
iv043_20_.tif,2
n004_13_.tif,3
is082_01_.tif,1
n061_22_.tif,3
is069_13_.tif,1
n039_21_.tif,3
iv063_01_.tif,2
iv003_11_.tif,2
n080_03_.tif,3
b035_23_.tif,0
b068_10_.tif,0
iv013_10_.tif,2
iv047_21_.tif,2
n050_21_.tif,3
iv038_23_.tif,2
b030_02_.tif,0
n038_12_.tif,3
n084_10_.tif,3
is090_12_.tif,1
iv057_23_.tif,2
b007_12_.tif,0
b065_02_.tif,0
n086_03_.tif,3
n067_23_.tif,3
n059_20_.tif,3
n062_00_.tif,3
b018_03_.tif,0
iv078_22_.tif,2
n092_02_.tif,3
is031_20_.tif,1
iv040_12_.tif,2
iv089_00_.tif,2
b099_00_.tif,0
iv028_11_.tif,2
n020_22_.tif,3
iv046_22_.tif,2
iv025_21_.tif,2
n068_13_.tif,3
iv015_22_.tif,2
b021_10_.tif,0
n090_12_.tif,3
iv046_20_.tif,2
n078_03_.tif,3
is071_20_.tif,1
n042_20_.tif,3
b017_00_.tif,0
iv078_01_.tif,2
iv036_01_.tif,2
is059_20_.tif,1
n084_02_.tif,3
is065_23_.tif,1
n008_10_.tif,3
n018_20_.tif,3
n007_12_.tif,3
n014_22_.tif,3
b055_12_.tif,0
b071_01_.tif,0
b029_02_.tif,0
iv051_02_.tif,2
iv098_20_.tif,2
iv002_20_.tif,2
is008_03_.tif,1
b018_00_.tif,0
iv024_20_.tif,2
is039_10_.tif,1
b059_10_.tif,0
n008_03_.tif,3
iv098_13_.tif,2
is070_22_.tif,1
is003_00_.tif,1
n061_20_.tif,3
iv095_13_.tif,2
n021_23_.tif,3
n094_01_.tif,3
is003_20_.tif,1
n026_11_.tif,3
is025_21_.tif,1
iv088_20_.tif,2
n006_22_.tif,3
b039_03_.tif,0
n098_23_.tif,3
iv066_21_.tif,2
is061_13_.tif,1
is020_10_.tif,1
iv079_22_.tif,2
n091_22_.tif,3
b089_01_.tif,0
iv008_23_.tif,2
is021_13_.tif,1
is007_10_.tif,1
n053_22_.tif,3
n009_22_.tif,3
n059_13_.tif,3
is037_20_.tif,1
is095_20_.tif,1
iv010_21_.tif,2
n019_01_.tif,3
b062_13_.tif,0
n093_11_.tif,3
n025_13_.tif,3
iv070_21_.tif,2
iv042_12_.tif,2
iv088_23_.tif,2
is098_22_.tif,1
iv045_22_.tif,2
n082_20_.tif,3
iv084_11_.tif,2
n041_21_.tif,3
is053_00_.tif,1
b033_20_.tif,0
b013_13_.tif,0
is004_03_.tif,1
b044_01_.tif,0
b043_11_.tif,0
is008_02_.tif,1
b072_23_.tif,0
iv002_21_.tif,2
n085_12_.tif,3
b013_20_.tif,0
b040_01_.tif,0
b029_00_.tif,0
b020_23_.tif,0
b044_22_.tif,0
n014_02_.tif,3
is023_10_.tif,1
is071_23_.tif,1
n031_10_.tif,3
iv058_01_.tif,2
n078_13_.tif,3
n096_12_.tif,3
iv049_11_.tif,2
b039_23_.tif,0
is087_00_.tif,1
n030_12_.tif,3
iv012_23_.tif,2
iv049_10_.tif,2
is019_11_.tif,1
is086_01_.tif,1
n001_10_.tif,3
n031_02_.tif,3
is074_10_.tif,1
n092_10_.tif,3
b100_13_.tif,0
n100_22_.tif,3
n066_22_.tif,3
is096_01_.tif,1
is038_01_.tif,1
is091_03_.tif,1
iv028_01_.tif,2
b096_23_.tif,0
b044_10_.tif,0
is088_03_.tif,1
n026_23_.tif,3
iv097_02_.tif,2
iv071_02_.tif,2
b065_11_.tif,0
iv009_11_.tif,2
b051_11_.tif,0
iv026_11_.tif,2
b004_21_.tif,0
iv096_10_.tif,2
b058_20_.tif,0
is074_01_.tif,1
b035_03_.tif,0
is006_22_.tif,1
b023_02_.tif,0
n017_11_.tif,3
is035_00_.tif,1
b011_10_.tif,0
b080_11_.tif,0
b029_12_.tif,0
is036_02_.tif,1
is080_12_.tif,1
is083_00_.tif,1
iv053_00_.tif,2
iv014_03_.tif,2
iv069_03_.tif,2
b065_22_.tif,0
b014_13_.tif,0
is053_13_.tif,1
iv031_02_.tif,2
b080_01_.tif,0
is010_21_.tif,1
iv011_11_.tif,2
n074_10_.tif,3
iv043_10_.tif,2
b090_00_.tif,0
iv093_00_.tif,2
b032_11_.tif,0
n059_11_.tif,3
iv054_12_.tif,2
b075_11_.tif,0
is029_00_.tif,1
n054_23_.tif,3
b011_11_.tif,0
b090_01_.tif,0
is065_11_.tif,1
is044_23_.tif,1
b070_00_.tif,0
iv041_01_.tif,2
iv043_12_.tif,2
is087_13_.tif,1
b053_00_.tif,0
b070_20_.tif,0
b089_13_.tif,0
is066_10_.tif,1
is019_21_.tif,1
iv024_03_.tif,2
iv044_21_.tif,2
is090_20_.tif,1
iv032_12_.tif,2
iv007_20_.tif,2
n054_01_.tif,3
b030_12_.tif,0
is052_11_.tif,1
b071_00_.tif,0
b033_01_.tif,0
n028_11_.tif,3
b099_23_.tif,0
is064_21_.tif,1
b031_02_.tif,0
is056_13_.tif,1
n027_03_.tif,3
is025_23_.tif,1
b076_03_.tif,0
n092_11_.tif,3
iv089_20_.tif,2
b087_11_.tif,0
is044_10_.tif,1
b079_11_.tif,0
n092_13_.tif,3
iv052_00_.tif,2
n070_11_.tif,3
is065_21_.tif,1
iv025_11_.tif,2
is094_20_.tif,1
n079_22_.tif,3
iv012_03_.tif,2
is047_12_.tif,1
is098_23_.tif,1
b092_13_.tif,0
b073_03_.tif,0
is031_10_.tif,1
iv003_00_.tif,2
b006_02_.tif,0
n089_20_.tif,3
b088_23_.tif,0
is071_03_.tif,1
b068_11_.tif,0
is089_22_.tif,1
iv078_00_.tif,2
iv062_11_.tif,2
iv017_00_.tif,2
is010_20_.tif,1
is040_20_.tif,1
is067_23_.tif,1
iv012_02_.tif,2
b031_20_.tif,0
n030_02_.tif,3
n049_03_.tif,3
b098_10_.tif,0
iv046_10_.tif,2
n074_11_.tif,3
b022_20_.tif,0
b001_00_.tif,0
is034_22_.tif,1
b066_13_.tif,0
b100_00_.tif,0
n024_02_.tif,3
is002_02_.tif,1
b062_01_.tif,0
is034_03_.tif,1
b061_12_.tif,0
iv002_22_.tif,2
b013_03_.tif,0
b051_00_.tif,0
n044_11_.tif,3
n020_10_.tif,3
b004_10_.tif,0
b046_23_.tif,0
is076_20_.tif,1
n081_20_.tif,3
n054_00_.tif,3
n034_01_.tif,3
iv094_23_.tif,2
is019_00_.tif,1
iv096_11_.tif,2
is028_02_.tif,1
b043_03_.tif,0
iv015_11_.tif,2
b038_20_.tif,0
b083_10_.tif,0
is044_11_.tif,1
n007_01_.tif,3
n057_10_.tif,3
is072_03_.tif,1
is054_21_.tif,1
iv071_12_.tif,2
is022_10_.tif,1
iv100_20_.tif,2
is074_02_.tif,1
is012_10_.tif,1
b046_00_.tif,0
b073_10_.tif,0
b060_03_.tif,0
is041_01_.tif,1
iv047_12_.tif,2
n078_20_.tif,3
is071_22_.tif,1
n046_12_.tif,3
is094_00_.tif,1
is047_01_.tif,1
is021_23_.tif,1
b060_20_.tif,0
iv058_11_.tif,2
b083_03_.tif,0
b006_01_.tif,0
iv088_11_.tif,2
iv086_10_.tif,2
is024_02_.tif,1
n055_11_.tif,3
iv095_02_.tif,2
is042_10_.tif,1
b004_12_.tif,0
is062_03_.tif,1
is074_21_.tif,1
is099_13_.tif,1
is088_11_.tif,1
n018_03_.tif,3
is089_12_.tif,1
n094_12_.tif,3
b059_13_.tif,0
b062_12_.tif,0
b001_01_.tif,0
b082_23_.tif,0
b082_22_.tif,0
is047_13_.tif,1
is060_11_.tif,1
b064_01_.tif,0
n046_02_.tif,3
n074_20_.tif,3
is015_13_.tif,1
iv051_22_.tif,2
n013_11_.tif,3
n083_00_.tif,3
iv053_13_.tif,2
b063_03_.tif,0
is068_03_.tif,1
n040_01_.tif,3
b060_11_.tif,0
is072_22_.tif,1
is088_12_.tif,1
n082_13_.tif,3
is068_10_.tif,1
iv068_01_.tif,2
is093_22_.tif,1
b051_20_.tif,0
is049_10_.tif,1
b013_22_.tif,0
iv025_03_.tif,2
is018_00_.tif,1
is071_13_.tif,1
b006_12_.tif,0
is086_00_.tif,1
is040_21_.tif,1
iv061_00_.tif,2
is071_10_.tif,1
n024_23_.tif,3
is016_20_.tif,1
is031_22_.tif,1
iv056_22_.tif,2
is020_11_.tif,1
is064_20_.tif,1
is059_22_.tif,1
iv033_11_.tif,2
is020_03_.tif,1
iv079_02_.tif,2
iv076_12_.tif,2
iv043_02_.tif,2
is077_20_.tif,1
b084_01_.tif,0
b054_13_.tif,0
is021_11_.tif,1
iv090_23_.tif,2
n030_23_.tif,3
iv059_20_.tif,2
is002_13_.tif,1
iv015_13_.tif,2
is075_03_.tif,1
b077_01_.tif,0
is081_01_.tif,1
iv050_21_.tif,2
b040_03_.tif,0
is062_12_.tif,1
b025_12_.tif,0
is056_21_.tif,1
iv095_22_.tif,2
b020_20_.tif,0
b033_23_.tif,0
iv045_11_.tif,2
n046_01_.tif,3
is059_10_.tif,1
n075_03_.tif,3
n008_13_.tif,3
is025_03_.tif,1
iv004_21_.tif,2
is059_13_.tif,1
b071_22_.tif,0
is096_03_.tif,1
b021_22_.tif,0
n040_23_.tif,3
n072_00_.tif,3
iv019_03_.tif,2
n057_11_.tif,3
is069_22_.tif,1
iv052_03_.tif,2
b018_11_.tif,0
is011_21_.tif,1
b042_10_.tif,0
n059_02_.tif,3
is007_00_.tif,1
iv069_22_.tif,2
n092_01_.tif,3
is084_01_.tif,1
n015_10_.tif,3
n034_11_.tif,3
iv012_12_.tif,2
b007_23_.tif,0
b049_00_.tif,0
is061_22_.tif,1
b052_01_.tif,0
n023_03_.tif,3
n025_22_.tif,3
n063_23_.tif,3
n083_10_.tif,3
b054_01_.tif,0
iv078_20_.tif,2
is071_12_.tif,1
iv028_10_.tif,2
b059_02_.tif,0
n073_23_.tif,3
iv038_13_.tif,2
n047_00_.tif,3
is033_21_.tif,1
iv010_22_.tif,2
is022_00_.tif,1
b047_11_.tif,0
is008_00_.tif,1
iv025_00_.tif,2
b094_03_.tif,0
iv077_02_.tif,2
n017_00_.tif,3
iv050_02_.tif,2
iv099_02_.tif,2
b074_00_.tif,0
is096_10_.tif,1
is082_20_.tif,1
is031_00_.tif,1
iv059_10_.tif,2
is043_13_.tif,1
is078_22_.tif,1
iv086_02_.tif,2
iv018_10_.tif,2
iv031_01_.tif,2
n017_01_.tif,3
n002_00_.tif,3
iv046_12_.tif,2
iv069_20_.tif,2
is073_22_.tif,1
n057_21_.tif,3
iv003_21_.tif,2
iv070_00_.tif,2
is041_20_.tif,1
is011_03_.tif,1
b007_03_.tif,0
b032_13_.tif,0
iv028_21_.tif,2
n004_03_.tif,3
is076_13_.tif,1
b063_01_.tif,0
iv022_22_.tif,2
is019_20_.tif,1
n095_02_.tif,3
b061_02_.tif,0
iv042_23_.tif,2
is070_03_.tif,1
n050_13_.tif,3
is026_11_.tif,1
is052_10_.tif,1
iv065_00_.tif,2
n050_10_.tif,3
is041_11_.tif,1
b057_11_.tif,0
b037_00_.tif,0
n061_00_.tif,3
n059_10_.tif,3
iv055_20_.tif,2
b099_10_.tif,0
n034_00_.tif,3
n011_01_.tif,3
n044_21_.tif,3
is084_11_.tif,1
n095_00_.tif,3
is085_13_.tif,1
is047_23_.tif,1
n080_10_.tif,3
b028_10_.tif,0
iv013_20_.tif,2
is065_20_.tif,1
n091_20_.tif,3
n100_00_.tif,3
b089_03_.tif,0
iv003_23_.tif,2
b061_00_.tif,0
n036_11_.tif,3
iv036_22_.tif,2
iv051_11_.tif,2
b100_01_.tif,0
is029_01_.tif,1
n058_13_.tif,3
n088_22_.tif,3
iv003_20_.tif,2
iv088_03_.tif,2
b040_10_.tif,0
b020_01_.tif,0
n011_23_.tif,3
iv036_10_.tif,2
is063_00_.tif,1
n014_21_.tif,3
b095_01_.tif,0
b071_21_.tif,0
is098_20_.tif,1
n058_10_.tif,3
iv046_23_.tif,2
b032_23_.tif,0
is019_22_.tif,1
is002_11_.tif,1
iv042_21_.tif,2
iv026_10_.tif,2
is018_10_.tif,1
b067_22_.tif,0
b055_10_.tif,0
b065_12_.tif,0
iv077_00_.tif,2
iv054_11_.tif,2
b007_20_.tif,0
b025_23_.tif,0
is084_20_.tif,1
iv029_11_.tif,2
n020_00_.tif,3
b002_22_.tif,0
is066_03_.tif,1
is041_23_.tif,1
n077_13_.tif,3
iv084_21_.tif,2
iv033_23_.tif,2
b096_21_.tif,0
is011_13_.tif,1
b010_02_.tif,0
n086_02_.tif,3
is063_20_.tif,1
n025_11_.tif,3
iv095_00_.tif,2
iv084_02_.tif,2
is060_23_.tif,1
is006_02_.tif,1
is003_13_.tif,1
b069_22_.tif,0
is005_00_.tif,1
n009_02_.tif,3
n053_21_.tif,3
n032_12_.tif,3
iv016_02_.tif,2
iv015_20_.tif,2
n038_00_.tif,3
n068_21_.tif,3
iv092_12_.tif,2
n085_00_.tif,3
n060_03_.tif,3
n026_00_.tif,3
n085_11_.tif,3
n009_00_.tif,3
is097_21_.tif,1
b067_01_.tif,0
b021_00_.tif,0
is062_10_.tif,1
iv097_10_.tif,2
is085_21_.tif,1
iv097_20_.tif,2
iv064_02_.tif,2
iv084_20_.tif,2
b042_12_.tif,0
b098_21_.tif,0
is046_01_.tif,1
iv077_21_.tif,2
b091_22_.tif,0
n036_22_.tif,3
n038_20_.tif,3
b024_00_.tif,0
iv010_13_.tif,2
iv057_03_.tif,2
is032_21_.tif,1
iv080_03_.tif,2
iv100_21_.tif,2
is011_01_.tif,1
is031_23_.tif,1
b053_11_.tif,0
iv042_11_.tif,2
n005_21_.tif,3
n029_02_.tif,3
n080_21_.tif,3
n025_10_.tif,3
n020_23_.tif,3
is031_21_.tif,1
iv086_11_.tif,2
is042_12_.tif,1
b056_23_.tif,0
is041_00_.tif,1
b044_00_.tif,0
is099_02_.tif,1
is078_02_.tif,1
b061_11_.tif,0
n045_20_.tif,3
n058_23_.tif,3
iv067_20_.tif,2
n094_11_.tif,3
is027_13_.tif,1
b084_10_.tif,0
n081_13_.tif,3
iv030_03_.tif,2
is016_23_.tif,1
b099_13_.tif,0
iv029_03_.tif,2
is100_01_.tif,1
b071_10_.tif,0
n078_01_.tif,3
is061_10_.tif,1
iv096_23_.tif,2
n011_02_.tif,3
b075_10_.tif,0
iv051_00_.tif,2
is020_12_.tif,1
iv056_20_.tif,2
n003_21_.tif,3
iv031_12_.tif,2
b069_00_.tif,0
is004_13_.tif,1
n100_02_.tif,3
n033_01_.tif,3
n040_12_.tif,3
b097_23_.tif,0
n021_12_.tif,3
iv047_11_.tif,2
is042_21_.tif,1
b064_10_.tif,0
b056_00_.tif,0
n048_21_.tif,3
n037_00_.tif,3
n041_01_.tif,3
b031_11_.tif,0
is041_22_.tif,1
iv081_20_.tif,2
iv071_13_.tif,2
iv003_10_.tif,2
b015_02_.tif,0
is078_13_.tif,1
b087_12_.tif,0
n015_20_.tif,3
iv050_13_.tif,2
is009_00_.tif,1
n032_01_.tif,3
iv041_23_.tif,2
b036_10_.tif,0
b075_01_.tif,0
n054_11_.tif,3
b017_10_.tif,0
n079_20_.tif,3
iv022_12_.tif,2
is058_02_.tif,1
is096_12_.tif,1
iv035_22_.tif,2
iv041_22_.tif,2
is048_11_.tif,1
n085_20_.tif,3
n091_11_.tif,3
is005_10_.tif,1
n056_00_.tif,3
is070_02_.tif,1
is067_13_.tif,1
is096_11_.tif,1
n077_03_.tif,3
n075_12_.tif,3
is059_00_.tif,1
b048_12_.tif,0
b076_21_.tif,0
b099_12_.tif,0
n037_23_.tif,3
iv087_23_.tif,2
b087_20_.tif,0
b077_10_.tif,0
n063_01_.tif,3
iv089_13_.tif,2
b087_21_.tif,0
b023_12_.tif,0
is045_11_.tif,1
iv063_22_.tif,2
n008_02_.tif,3
iv014_01_.tif,2
b044_13_.tif,0
iv087_13_.tif,2
is049_00_.tif,1
iv055_03_.tif,2
b015_22_.tif,0
n056_20_.tif,3
b021_01_.tif,0
b023_13_.tif,0
iv048_21_.tif,2
n030_22_.tif,3
b010_10_.tif,0
b046_03_.tif,0
n090_03_.tif,3
iv023_20_.tif,2
is052_02_.tif,1
b023_11_.tif,0
iv073_20_.tif,2
b057_22_.tif,0
iv040_01_.tif,2
b020_13_.tif,0
n002_13_.tif,3
is062_11_.tif,1
b003_00_.tif,0
iv007_03_.tif,2
is003_12_.tif,1
iv014_11_.tif,2
b099_20_.tif,0
is076_22_.tif,1
is072_20_.tif,1
is072_12_.tif,1
b072_01_.tif,0
is051_20_.tif,1
is094_01_.tif,1
n015_13_.tif,3
n033_23_.tif,3
iv054_00_.tif,2
n098_21_.tif,3
is022_13_.tif,1
is088_21_.tif,1
n033_12_.tif,3
n092_20_.tif,3
is091_01_.tif,1
is030_20_.tif,1
n046_11_.tif,3
is039_02_.tif,1
b022_23_.tif,0
iv048_22_.tif,2
is049_13_.tif,1
n018_23_.tif,3
n008_12_.tif,3
is097_01_.tif,1
n003_12_.tif,3
b015_21_.tif,0
n012_13_.tif,3
is069_12_.tif,1
iv070_11_.tif,2
is041_21_.tif,1
b036_01_.tif,0
n047_13_.tif,3
b009_20_.tif,0
b087_10_.tif,0
n086_20_.tif,3
is059_02_.tif,1
is048_01_.tif,1
is027_21_.tif,1
n013_01_.tif,3
iv032_00_.tif,2
b098_11_.tif,0
b050_13_.tif,0
iv061_23_.tif,2
is037_12_.tif,1
iv023_00_.tif,2
b079_20_.tif,0
is065_22_.tif,1
is060_21_.tif,1
iv059_03_.tif,2
b076_20_.tif,0
n015_00_.tif,3
iv074_01_.tif,2
is087_22_.tif,1
n065_22_.tif,3
n078_02_.tif,3
is066_13_.tif,1
is007_22_.tif,1
b073_23_.tif,0
iv081_23_.tif,2
is095_13_.tif,1
b065_23_.tif,0
iv099_03_.tif,2
iv072_13_.tif,2
b059_21_.tif,0
n010_02_.tif,3
is003_10_.tif,1
is099_00_.tif,1
n033_02_.tif,3
is036_22_.tif,1
is086_12_.tif,1
n087_20_.tif,3
iv049_13_.tif,2
n050_22_.tif,3
b047_13_.tif,0
iv058_13_.tif,2
is095_00_.tif,1
n045_21_.tif,3
is091_22_.tif,1
n097_02_.tif,3
n076_20_.tif,3
is008_10_.tif,1
b050_21_.tif,0
b079_23_.tif,0
b069_23_.tif,0
n012_20_.tif,3
iv041_21_.tif,2
b094_12_.tif,0
iv089_01_.tif,2
iv013_02_.tif,2
n034_03_.tif,3
iv047_20_.tif,2
iv059_12_.tif,2
b019_02_.tif,0
iv016_01_.tif,2
n040_02_.tif,3
b021_20_.tif,0
n030_03_.tif,3
n018_00_.tif,3
iv034_11_.tif,2
b043_10_.tif,0
n093_21_.tif,3
iv046_13_.tif,2
iv063_23_.tif,2
iv007_22_.tif,2
b059_20_.tif,0
b031_12_.tif,0
n099_11_.tif,3
b052_10_.tif,0
n069_13_.tif,3
iv020_11_.tif,2
b031_23_.tif,0
iv008_13_.tif,2
n030_21_.tif,3
is029_22_.tif,1
is058_00_.tif,1
is016_03_.tif,1
is048_12_.tif,1
iv073_22_.tif,2
is079_23_.tif,1
is078_11_.tif,1
is060_12_.tif,1
is032_20_.tif,1
n021_13_.tif,3
iv041_12_.tif,2
is086_13_.tif,1
b053_21_.tif,0
n043_11_.tif,3
is058_12_.tif,1
iv075_13_.tif,2
iv027_12_.tif,2
b036_23_.tif,0
b050_20_.tif,0
b082_13_.tif,0
iv017_01_.tif,2
iv032_01_.tif,2
iv018_23_.tif,2
iv045_12_.tif,2
is013_21_.tif,1
is016_21_.tif,1
is054_22_.tif,1
iv079_13_.tif,2
iv045_02_.tif,2
b003_10_.tif,0
b063_23_.tif,0
b062_03_.tif,0
iv024_13_.tif,2
is022_02_.tif,1
is049_21_.tif,1
is028_12_.tif,1
n003_20_.tif,3
iv085_23_.tif,2
n031_00_.tif,3
n095_12_.tif,3
is053_11_.tif,1
b048_13_.tif,0
n044_02_.tif,3
b057_20_.tif,0
b093_03_.tif,0
b041_11_.tif,0
iv072_11_.tif,2
iv093_03_.tif,2
iv099_12_.tif,2
iv092_02_.tif,2
b002_23_.tif,0
iv057_12_.tif,2
is043_20_.tif,1
iv034_03_.tif,2
is052_23_.tif,1
is013_11_.tif,1
b015_20_.tif,0
n004_01_.tif,3
is006_11_.tif,1
n080_01_.tif,3
is016_10_.tif,1
is096_13_.tif,1
iv038_21_.tif,2
is068_13_.tif,1
is012_02_.tif,1
iv078_10_.tif,2
n084_23_.tif,3
is055_01_.tif,1
is071_00_.tif,1
is055_21_.tif,1
b036_02_.tif,0
n005_10_.tif,3
b072_03_.tif,0
n075_23_.tif,3
iv093_20_.tif,2
n066_12_.tif,3
n009_12_.tif,3
n018_13_.tif,3
b072_20_.tif,0
iv063_03_.tif,2
iv087_03_.tif,2
is041_02_.tif,1
is017_01_.tif,1
iv079_20_.tif,2
n083_12_.tif,3
iv070_13_.tif,2
is054_00_.tif,1
is082_02_.tif,1
iv002_10_.tif,2
is057_23_.tif,1
is060_10_.tif,1
iv063_10_.tif,2
b069_21_.tif,0
b073_21_.tif,0
iv100_02_.tif,2
iv080_11_.tif,2
n091_00_.tif,3
n079_02_.tif,3
n080_23_.tif,3
n012_21_.tif,3
iv027_00_.tif,2
is076_11_.tif,1
b065_03_.tif,0
iv036_03_.tif,2
n024_21_.tif,3
b005_00_.tif,0
iv001_00_.tif,2
iv013_00_.tif,2
iv043_23_.tif,2
iv006_10_.tif,2
is020_20_.tif,1
b072_13_.tif,0
is036_01_.tif,1
b006_03_.tif,0
n062_10_.tif,3
iv071_21_.tif,2
n027_21_.tif,3
iv062_10_.tif,2
iv070_12_.tif,2
b065_01_.tif,0
iv054_21_.tif,2
is026_21_.tif,1
b018_02_.tif,0
n053_00_.tif,3
b097_02_.tif,0
is086_03_.tif,1
iv024_01_.tif,2
n032_03_.tif,3
b083_22_.tif,0
is009_10_.tif,1
b032_22_.tif,0
is009_22_.tif,1
b058_01_.tif,0
b063_12_.tif,0
is018_12_.tif,1
n089_22_.tif,3
n007_11_.tif,3
n085_01_.tif,3
n087_01_.tif,3
iv069_21_.tif,2
iv098_10_.tif,2
iv073_21_.tif,2
b024_21_.tif,0
b094_00_.tif,0
b049_01_.tif,0
iv058_22_.tif,2
n044_23_.tif,3
is071_11_.tif,1
iv074_23_.tif,2
n001_13_.tif,3
iv094_03_.tif,2
is089_11_.tif,1
is093_10_.tif,1
is060_20_.tif,1
iv098_11_.tif,2
iv082_11_.tif,2
b012_13_.tif,0
b036_03_.tif,0
iv053_22_.tif,2
n087_11_.tif,3
is012_13_.tif,1
iv017_13_.tif,2
is024_10_.tif,1
n089_12_.tif,3
iv099_13_.tif,2
is051_00_.tif,1
is022_23_.tif,1
iv006_22_.tif,2
n047_23_.tif,3
iv039_02_.tif,2
is080_03_.tif,1
iv035_20_.tif,2
is018_03_.tif,1
iv068_11_.tif,2
b074_11_.tif,0
b002_00_.tif,0
b053_12_.tif,0
is024_01_.tif,1
b080_22_.tif,0
iv067_03_.tif,2
iv002_00_.tif,2
n095_11_.tif,3
n010_13_.tif,3
b025_21_.tif,0
iv053_12_.tif,2
n028_12_.tif,3
iv068_20_.tif,2
b035_02_.tif,0
n077_00_.tif,3
n055_02_.tif,3
b005_01_.tif,0
b085_00_.tif,0
is040_02_.tif,1
n002_12_.tif,3
is085_02_.tif,1
b002_10_.tif,0
iv061_13_.tif,2
iv034_13_.tif,2
n036_10_.tif,3
is091_00_.tif,1
iv087_10_.tif,2
b013_10_.tif,0
b053_23_.tif,0
b046_21_.tif,0
n071_22_.tif,3
iv064_00_.tif,2
n058_11_.tif,3
iv054_03_.tif,2
n089_13_.tif,3
n078_11_.tif,3
iv080_13_.tif,2
iv016_21_.tif,2
iv050_00_.tif,2
n065_01_.tif,3
b027_13_.tif,0
n080_11_.tif,3
n037_13_.tif,3
is062_02_.tif,1
iv085_21_.tif,2
is046_00_.tif,1
b077_11_.tif,0
n065_12_.tif,3
is090_13_.tif,1
is085_12_.tif,1
b058_00_.tif,0
iv006_12_.tif,2
n045_03_.tif,3
b093_13_.tif,0
n008_01_.tif,3
iv075_10_.tif,2
n070_12_.tif,3
iv049_23_.tif,2
is054_10_.tif,1
is091_11_.tif,1
is007_01_.tif,1
is072_23_.tif,1
n090_21_.tif,3
b092_12_.tif,0
b049_23_.tif,0
n056_12_.tif,3
b074_20_.tif,0
b045_21_.tif,0
b017_20_.tif,0
b076_22_.tif,0
is022_11_.tif,1
n001_22_.tif,3
iv093_11_.tif,2
b010_12_.tif,0
is062_23_.tif,1
b074_12_.tif,0
is017_03_.tif,1
n070_10_.tif,3
is069_11_.tif,1
iv084_12_.tif,2
is067_21_.tif,1
b086_13_.tif,0
b096_00_.tif,0
n046_00_.tif,3
is087_11_.tif,1
is018_23_.tif,1
iv028_12_.tif,2
iv005_23_.tif,2
n042_00_.tif,3
b037_10_.tif,0
n021_11_.tif,3
b063_22_.tif,0
is077_10_.tif,1
b039_21_.tif,0
n035_22_.tif,3
b053_20_.tif,0
n058_03_.tif,3
b037_23_.tif,0
iv030_22_.tif,2
b093_11_.tif,0
n010_11_.tif,3
iv052_10_.tif,2
n053_11_.tif,3
n098_12_.tif,3
iv038_10_.tif,2
is001_11_.tif,1
b048_00_.tif,0
n030_13_.tif,3
iv001_13_.tif,2
b095_23_.tif,0
iv059_22_.tif,2
iv042_01_.tif,2
iv064_10_.tif,2
n035_21_.tif,3
n084_03_.tif,3
is035_03_.tif,1
b055_02_.tif,0
n100_23_.tif,3
b015_11_.tif,0
n055_23_.tif,3
iv084_13_.tif,2
b097_03_.tif,0
iv082_02_.tif,2
is057_01_.tif,1
b045_01_.tif,0
n057_13_.tif,3
iv034_20_.tif,2
is013_23_.tif,1
n063_02_.tif,3
n088_01_.tif,3
is064_22_.tif,1
n017_20_.tif,3
iv035_23_.tif,2
b051_01_.tif,0
b008_13_.tif,0
iv067_13_.tif,2
b005_22_.tif,0
n023_22_.tif,3
n070_22_.tif,3
is003_11_.tif,1
iv067_11_.tif,2
b051_03_.tif,0
is052_20_.tif,1
iv069_00_.tif,2
n006_12_.tif,3
b032_20_.tif,0
b056_20_.tif,0
is025_11_.tif,1
is029_11_.tif,1
b071_23_.tif,0
n067_20_.tif,3
is077_23_.tif,1
n051_01_.tif,3
n031_11_.tif,3
iv005_11_.tif,2
iv051_10_.tif,2
n083_20_.tif,3
is022_22_.tif,1
is042_00_.tif,1
iv016_22_.tif,2
n054_02_.tif,3
is043_00_.tif,1
iv050_10_.tif,2
b009_02_.tif,0
b049_12_.tif,0
is010_22_.tif,1
n080_20_.tif,3
b046_10_.tif,0
iv049_00_.tif,2
n079_13_.tif,3
b073_13_.tif,0
b041_22_.tif,0
iv027_21_.tif,2
is014_20_.tif,1
n024_20_.tif,3
is089_23_.tif,1
n091_03_.tif,3
iv079_11_.tif,2
n038_01_.tif,3
iv030_10_.tif,2
iv001_23_.tif,2
n013_00_.tif,3
is099_23_.tif,1
is076_00_.tif,1
is100_21_.tif,1
is086_02_.tif,1
iv060_10_.tif,2
is081_21_.tif,1
b073_02_.tif,0
b012_21_.tif,0
is054_01_.tif,1
n045_11_.tif,3
iv056_02_.tif,2
is020_02_.tif,1
n096_13_.tif,3
is096_20_.tif,1
is069_23_.tif,1
is090_02_.tif,1
b048_03_.tif,0
is100_11_.tif,1
n069_12_.tif,3
is096_22_.tif,1
iv086_22_.tif,2
n065_11_.tif,3
iv074_22_.tif,2
b026_12_.tif,0
is035_11_.tif,1
is042_22_.tif,1
b037_03_.tif,0
is036_11_.tif,1
n040_13_.tif,3
b020_03_.tif,0
is002_21_.tif,1
iv027_10_.tif,2
b048_21_.tif,0
is042_03_.tif,1
is026_23_.tif,1
iv079_23_.tif,2
iv093_21_.tif,2
n025_23_.tif,3
b015_10_.tif,0
iv099_11_.tif,2
is094_13_.tif,1
b004_00_.tif,0
iv097_23_.tif,2
iv003_03_.tif,2
is053_23_.tif,1
n067_11_.tif,3
is027_12_.tif,1
b092_00_.tif,0
b016_12_.tif,0
is098_03_.tif,1
iv062_02_.tif,2
n093_12_.tif,3
is019_10_.tif,1
n029_12_.tif,3
n075_02_.tif,3
b022_13_.tif,0
iv052_21_.tif,2
b069_01_.tif,0
b045_23_.tif,0
iv030_01_.tif,2
iv065_21_.tif,2
n015_11_.tif,3
n052_01_.tif,3
n068_01_.tif,3
b010_03_.tif,0
iv061_22_.tif,2
b060_21_.tif,0
iv062_20_.tif,2
is044_00_.tif,1
iv080_23_.tif,2
iv058_12_.tif,2
is017_10_.tif,1
b092_10_.tif,0
iv037_21_.tif,2
iv097_03_.tif,2
b008_21_.tif,0
b099_03_.tif,0
b038_12_.tif,0
n006_03_.tif,3
iv040_21_.tif,2
b085_22_.tif,0
b032_02_.tif,0
is012_12_.tif,1
is063_23_.tif,1
n097_01_.tif,3
n090_13_.tif,3
n075_10_.tif,3
is020_23_.tif,1
iv014_02_.tif,2
is003_02_.tif,1
is045_10_.tif,1
b055_21_.tif,0
is009_03_.tif,1
is073_21_.tif,1
n047_10_.tif,3
iv028_23_.tif,2
b070_21_.tif,0
b059_03_.tif,0
b042_22_.tif,0
is098_10_.tif,1
b025_01_.tif,0
iv006_03_.tif,2
n051_03_.tif,3
n088_11_.tif,3
iv064_03_.tif,2
is075_10_.tif,1
is032_11_.tif,1
n059_03_.tif,3
iv063_12_.tif,2
b036_12_.tif,0
n062_02_.tif,3
n035_11_.tif,3
is004_23_.tif,1
b016_02_.tif,0
n073_13_.tif,3
b038_22_.tif,0
n016_01_.tif,3
iv037_10_.tif,2
is017_02_.tif,1
is060_01_.tif,1
iv009_03_.tif,2
b016_13_.tif,0
iv021_03_.tif,2
n099_12_.tif,3
b061_20_.tif,0
n022_03_.tif,3
is040_01_.tif,1
iv020_13_.tif,2
is050_11_.tif,1
iv097_12_.tif,2
b003_21_.tif,0
n090_22_.tif,3
is093_11_.tif,1
iv019_01_.tif,2
is087_10_.tif,1
n053_23_.tif,3
is069_02_.tif,1
is038_03_.tif,1
is077_02_.tif,1
b096_12_.tif,0
n006_01_.tif,3
is073_03_.tif,1
b057_03_.tif,0
iv081_02_.tif,2
iv024_11_.tif,2
is057_03_.tif,1
iv014_10_.tif,2
b003_20_.tif,0
is089_20_.tif,1
iv055_13_.tif,2
iv097_00_.tif,2
is045_03_.tif,1
n062_12_.tif,3
iv025_23_.tif,2
n069_02_.tif,3
iv080_22_.tif,2
b021_12_.tif,0
iv033_02_.tif,2
b028_23_.tif,0
n016_13_.tif,3
n002_10_.tif,3
iv014_21_.tif,2
b012_23_.tif,0
n015_12_.tif,3
b024_13_.tif,0
iv043_13_.tif,2
n095_10_.tif,3
iv100_00_.tif,2
n073_03_.tif,3
b032_01_.tif,0
n022_00_.tif,3
is043_22_.tif,1
is073_02_.tif,1
b087_22_.tif,0
n010_22_.tif,3
b024_03_.tif,0
b040_23_.tif,0
n098_03_.tif,3
b093_23_.tif,0
is096_23_.tif,1
iv040_03_.tif,2
iv022_01_.tif,2
iv086_20_.tif,2
iv005_10_.tif,2
iv076_02_.tif,2
is067_12_.tif,1
iv044_01_.tif,2
n049_13_.tif,3
iv020_21_.tif,2
iv048_13_.tif,2
iv070_20_.tif,2
b080_10_.tif,0
is095_02_.tif,1
n065_10_.tif,3
is083_02_.tif,1
n009_13_.tif,3
iv034_00_.tif,2
is094_03_.tif,1
b073_00_.tif,0
b092_11_.tif,0
is054_12_.tif,1
b076_13_.tif,0
n040_00_.tif,3
b028_00_.tif,0
iv093_22_.tif,2
n004_23_.tif,3
b078_13_.tif,0
is058_11_.tif,1
n049_21_.tif,3
iv025_13_.tif,2
is072_13_.tif,1
iv025_20_.tif,2
b024_20_.tif,0
is063_01_.tif,1
iv020_20_.tif,2
b021_13_.tif,0
b092_20_.tif,0
is072_21_.tif,1
iv048_02_.tif,2
is011_22_.tif,1
iv035_10_.tif,2
b050_01_.tif,0
is055_10_.tif,1
n042_12_.tif,3
iv017_11_.tif,2
iv083_10_.tif,2
b052_13_.tif,0
is091_12_.tif,1
iv049_20_.tif,2
b037_02_.tif,0
n027_00_.tif,3
b077_21_.tif,0
n017_02_.tif,3
is055_11_.tif,1
is066_20_.tif,1
is073_13_.tif,1
is019_13_.tif,1
is048_13_.tif,1
iv010_01_.tif,2
is095_22_.tif,1
is097_23_.tif,1
is006_12_.tif,1
is024_23_.tif,1
iv055_10_.tif,2
iv024_12_.tif,2
n012_23_.tif,3
n034_02_.tif,3
iv028_20_.tif,2
is060_02_.tif,1
n026_02_.tif,3
is065_03_.tif,1
is042_11_.tif,1
iv006_00_.tif,2
n058_02_.tif,3
b084_11_.tif,0
is004_22_.tif,1
n023_23_.tif,3
n088_02_.tif,3
b083_12_.tif,0
iv037_11_.tif,2
n003_10_.tif,3
b063_20_.tif,0
b001_23_.tif,0
b046_01_.tif,0
b041_03_.tif,0
b094_10_.tif,0
is085_00_.tif,1
is082_21_.tif,1
iv090_03_.tif,2
n048_20_.tif,3
n093_02_.tif,3
iv074_21_.tif,2
n059_23_.tif,3
b023_21_.tif,0
b009_11_.tif,0
b043_02_.tif,0
b018_13_.tif,0
iv005_21_.tif,2
b080_21_.tif,0
n099_10_.tif,3
is038_23_.tif,1
is048_23_.tif,1
b091_20_.tif,0
n093_01_.tif,3
n074_00_.tif,3
is035_10_.tif,1
is067_20_.tif,1
iv061_10_.tif,2
iv086_12_.tif,2
b070_01_.tif,0
is014_10_.tif,1
n020_21_.tif,3
iv039_00_.tif,2
is026_13_.tif,1
is083_11_.tif,1
n020_03_.tif,3
is016_01_.tif,1
b069_13_.tif,0
n054_20_.tif,3
n061_23_.tif,3
n034_23_.tif,3
iv033_13_.tif,2
iv023_11_.tif,2
iv014_00_.tif,2
is082_03_.tif,1
b035_21_.tif,0
n054_21_.tif,3
b067_03_.tif,0
n012_11_.tif,3
iv034_02_.tif,2
b068_03_.tif,0
b091_00_.tif,0
b100_02_.tif,0
iv022_02_.tif,2
b026_20_.tif,0
b090_13_.tif,0
iv032_13_.tif,2
iv085_12_.tif,2
b067_00_.tif,0
is045_22_.tif,1
iv089_21_.tif,2
b044_02_.tif,0
n022_01_.tif,3
is053_22_.tif,1
n064_03_.tif,3
is029_02_.tif,1
b036_00_.tif,0
is035_13_.tif,1
iv067_02_.tif,2
iv050_12_.tif,2
is095_10_.tif,1
iv019_12_.tif,2
is087_01_.tif,1
is007_20_.tif,1
n052_00_.tif,3
iv042_00_.tif,2
n056_10_.tif,3
iv091_00_.tif,2
is073_12_.tif,1
n013_20_.tif,3
is023_01_.tif,1
n051_22_.tif,3
n058_00_.tif,3
n039_02_.tif,3
iv059_01_.tif,2
n085_02_.tif,3
is012_23_.tif,1
b039_02_.tif,0
is021_03_.tif,1
iv078_23_.tif,2
b042_23_.tif,0
n028_13_.tif,3
iv028_02_.tif,2
is077_11_.tif,1
b078_00_.tif,0
b011_02_.tif,0
is058_03_.tif,1
n016_20_.tif,3
is068_12_.tif,1
iv052_22_.tif,2
b079_01_.tif,0
n062_23_.tif,3
iv004_22_.tif,2
b030_03_.tif,0
iv085_20_.tif,2
b026_10_.tif,0
b001_20_.tif,0
b020_22_.tif,0
b075_03_.tif,0
n049_23_.tif,3
b096_20_.tif,0
is026_12_.tif,1
iv037_01_.tif,2
n028_00_.tif,3
b064_21_.tif,0
iv010_10_.tif,2
is034_10_.tif,1
is070_00_.tif,1
n068_20_.tif,3
is088_20_.tif,1
b030_10_.tif,0
b020_10_.tif,0
iv067_10_.tif,2
n038_10_.tif,3
b039_20_.tif,0
is023_03_.tif,1
iv072_20_.tif,2
is012_22_.tif,1
n042_11_.tif,3
b057_01_.tif,0
n082_10_.tif,3
b078_10_.tif,0
b054_22_.tif,0
iv061_20_.tif,2
n088_00_.tif,3
iv068_12_.tif,2
iv033_22_.tif,2
iv049_12_.tif,2
is056_22_.tif,1
iv034_01_.tif,2
iv097_13_.tif,2
b075_20_.tif,0
iv047_13_.tif,2
n096_22_.tif,3
n002_02_.tif,3
b075_21_.tif,0
n095_23_.tif,3
iv049_03_.tif,2
n074_22_.tif,3
is056_01_.tif,1
b065_13_.tif,0
n087_13_.tif,3
iv032_22_.tif,2
iv067_23_.tif,2
b009_01_.tif,0
is015_12_.tif,1
n019_13_.tif,3
is025_01_.tif,1
is031_13_.tif,1
n020_13_.tif,3
b046_02_.tif,0
iv077_13_.tif,2
n045_01_.tif,3
is058_01_.tif,1
iv058_21_.tif,2
n061_02_.tif,3
b087_23_.tif,0
is048_21_.tif,1
iv029_10_.tif,2
b070_12_.tif,0
iv024_21_.tif,2
b078_02_.tif,0
iv090_00_.tif,2
n029_22_.tif,3
b029_22_.tif,0
b088_00_.tif,0
iv027_20_.tif,2
b057_23_.tif,0
n085_10_.tif,3
n057_20_.tif,3
iv048_23_.tif,2
n007_03_.tif,3
iv007_12_.tif,2
b009_21_.tif,0
b045_11_.tif,0
is038_02_.tif,1
is020_01_.tif,1
is052_01_.tif,1
b058_12_.tif,0
n065_03_.tif,3
n073_21_.tif,3
is079_20_.tif,1
is056_10_.tif,1
b047_21_.tif,0
iv076_13_.tif,2
is018_21_.tif,1
iv002_11_.tif,2
is017_00_.tif,1
n035_12_.tif,3
b088_12_.tif,0
b021_03_.tif,0
iv073_10_.tif,2
iv032_02_.tif,2
is024_21_.tif,1
is055_02_.tif,1
b005_13_.tif,0
iv017_12_.tif,2
n030_20_.tif,3
b034_20_.tif,0
is046_23_.tif,1
n079_21_.tif,3
n056_21_.tif,3
is091_23_.tif,1
iv084_10_.tif,2
iv088_10_.tif,2
n028_23_.tif,3
n007_22_.tif,3
b021_21_.tif,0
n089_00_.tif,3
iv057_02_.tif,2
b017_22_.tif,0
iv003_02_.tif,2
iv015_10_.tif,2
iv037_23_.tif,2
iv085_11_.tif,2
iv036_13_.tif,2
iv020_10_.tif,2
is089_21_.tif,1
b038_10_.tif,0
is041_10_.tif,1
is081_23_.tif,1
n041_20_.tif,3
iv064_22_.tif,2
b042_03_.tif,0
b053_02_.tif,0
iv082_01_.tif,2
iv001_22_.tif,2
b003_02_.tif,0
iv081_03_.tif,2
b071_02_.tif,0
n092_03_.tif,3
b096_22_.tif,0
b082_03_.tif,0
n052_11_.tif,3
iv081_00_.tif,2
n053_01_.tif,3
n040_22_.tif,3
n072_23_.tif,3
b039_01_.tif,0
b027_01_.tif,0
b051_22_.tif,0
is092_01_.tif,1
is030_01_.tif,1
is012_00_.tif,1
b100_10_.tif,0
b035_12_.tif,0
iv062_21_.tif,2
is032_10_.tif,1
iv099_22_.tif,2
b021_23_.tif,0
n048_12_.tif,3
b090_11_.tif,0
b026_13_.tif,0
iv093_23_.tif,2
b088_20_.tif,0
is041_03_.tif,1
n026_13_.tif,3
is005_20_.tif,1
n064_02_.tif,3
n029_10_.tif,3
iv053_02_.tif,2
iv033_12_.tif,2
iv090_11_.tif,2
is053_03_.tif,1
is043_03_.tif,1
n028_03_.tif,3
iv033_10_.tif,2
n072_20_.tif,3
iv032_11_.tif,2
is005_21_.tif,1
iv035_03_.tif,2
is024_13_.tif,1
b066_02_.tif,0
b059_01_.tif,0
iv066_13_.tif,2
iv040_20_.tif,2
iv033_21_.tif,2
b050_23_.tif,0
b080_23_.tif,0
is010_13_.tif,1
b040_12_.tif,0
n099_22_.tif,3
n043_02_.tif,3
is046_22_.tif,1
iv054_23_.tif,2
is040_22_.tif,1
b086_22_.tif,0
b079_12_.tif,0
b077_13_.tif,0
is034_02_.tif,1
is059_12_.tif,1
is100_20_.tif,1
b054_00_.tif,0
n005_22_.tif,3
iv047_02_.tif,2
iv100_10_.tif,2
iv030_21_.tif,2
b037_12_.tif,0
b047_03_.tif,0
b014_22_.tif,0
b016_03_.tif,0
n040_03_.tif,3
b088_11_.tif,0
is037_03_.tif,1
iv002_23_.tif,2
iv014_12_.tif,2
is071_01_.tif,1
is060_00_.tif,1
b100_12_.tif,0
b032_03_.tif,0
iv023_21_.tif,2
n013_10_.tif,3
iv004_23_.tif,2
n052_21_.tif,3
is006_10_.tif,1
is057_21_.tif,1
n033_10_.tif,3
is097_03_.tif,1
n061_03_.tif,3
n096_10_.tif,3
b014_11_.tif,0
n034_21_.tif,3
is017_21_.tif,1
b096_10_.tif,0
iv076_00_.tif,2
iv030_12_.tif,2
b052_11_.tif,0
is079_00_.tif,1
is064_11_.tif,1
iv040_11_.tif,2
n088_20_.tif,3
iv001_21_.tif,2
is009_12_.tif,1
is004_12_.tif,1
is082_00_.tif,1
b080_00_.tif,0
n064_20_.tif,3
iv034_22_.tif,2
n018_10_.tif,3
iv089_02_.tif,2
b043_00_.tif,0
is044_02_.tif,1
n025_03_.tif,3
is083_01_.tif,1
b068_12_.tif,0
n098_11_.tif,3
b068_02_.tif,0
is039_01_.tif,1
b018_12_.tif,0
iv020_00_.tif,2
iv066_02_.tif,2
n076_11_.tif,3
is046_11_.tif,1
b002_11_.tif,0
is020_22_.tif,1
b066_10_.tif,0
b085_13_.tif,0
iv071_23_.tif,2
b074_22_.tif,0
iv047_22_.tif,2
b053_03_.tif,0
b086_12_.tif,0
iv020_23_.tif,2
b004_11_.tif,0
b042_20_.tif,0
is034_21_.tif,1
n069_22_.tif,3
n062_22_.tif,3
is099_01_.tif,1
is014_03_.tif,1
iv032_20_.tif,2
iv040_02_.tif,2
n049_02_.tif,3
iv049_22_.tif,2
n015_02_.tif,3
b027_12_.tif,0
iv090_13_.tif,2
is001_22_.tif,1
iv082_22_.tif,2
b027_21_.tif,0
b027_03_.tif,0
is078_00_.tif,1
iv082_23_.tif,2
b019_13_.tif,0
is027_11_.tif,1
is009_21_.tif,1
b050_02_.tif,0
is094_23_.tif,1
b064_13_.tif,0
b059_12_.tif,0
is001_00_.tif,1
is017_12_.tif,1
n083_03_.tif,3
is005_03_.tif,1
iv043_21_.tif,2
iv013_11_.tif,2
iv098_01_.tif,2
n021_00_.tif,3
iv027_01_.tif,2
b019_20_.tif,0
is069_03_.tif,1
iv099_01_.tif,2
b002_12_.tif,0
b065_00_.tif,0
b003_22_.tif,0
b043_01_.tif,0
n069_00_.tif,3
n034_22_.tif,3
n084_11_.tif,3
b007_01_.tif,0
n024_01_.tif,3
n062_13_.tif,3
n082_02_.tif,3
n100_11_.tif,3
n063_12_.tif,3
iv082_10_.tif,2
is074_12_.tif,1
b069_20_.tif,0
b043_12_.tif,0
b053_13_.tif,0
n098_13_.tif,3
b049_11_.tif,0
n020_01_.tif,3
n055_13_.tif,3
n052_22_.tif,3
is089_01_.tif,1
is050_12_.tif,1
n087_21_.tif,3
n089_21_.tif,3
iv013_01_.tif,2
n076_01_.tif,3
n057_23_.tif,3
is065_12_.tif,1
is009_01_.tif,1
b093_01_.tif,0
is020_13_.tif,1
n031_12_.tif,3
is060_03_.tif,1
iv093_10_.tif,2
n073_00_.tif,3
iv073_13_.tif,2
iv019_10_.tif,2
is100_23_.tif,1
n098_02_.tif,3
iv090_22_.tif,2
is030_13_.tif,1
iv043_00_.tif,2
iv076_11_.tif,2
is061_03_.tif,1
n029_00_.tif,3
b052_00_.tif,0
b029_20_.tif,0
iv050_01_.tif,2
iv017_23_.tif,2
is044_20_.tif,1
b018_20_.tif,0
n014_12_.tif,3
iv006_02_.tif,2
b030_21_.tif,0
b054_12_.tif,0
iv045_00_.tif,2
is036_20_.tif,1
iv043_22_.tif,2
is064_01_.tif,1
b076_12_.tif,0
b065_21_.tif,0
b048_11_.tif,0
is081_22_.tif,1
n021_22_.tif,3
n076_22_.tif,3
is078_01_.tif,1
is070_01_.tif,1
b051_23_.tif,0
n032_20_.tif,3
n009_23_.tif,3
n035_10_.tif,3
is013_12_.tif,1
is071_21_.tif,1
iv087_00_.tif,2
iv066_20_.tif,2
is001_02_.tif,1
iv060_03_.tif,2
iv031_22_.tif,2
is056_00_.tif,1
n051_20_.tif,3
iv055_22_.tif,2
is099_21_.tif,1
n079_10_.tif,3
is064_03_.tif,1
b087_13_.tif,0
n004_10_.tif,3
iv090_20_.tif,2
iv005_01_.tif,2
n043_00_.tif,3
iv013_03_.tif,2
is078_03_.tif,1
n025_01_.tif,3
iv049_02_.tif,2
iv055_11_.tif,2
n019_10_.tif,3
n075_01_.tif,3
b024_10_.tif,0
n060_00_.tif,3
n082_00_.tif,3
n065_02_.tif,3
is008_13_.tif,1
n010_20_.tif,3
n069_01_.tif,3
n069_23_.tif,3
iv016_13_.tif,2
n013_02_.tif,3
iv098_02_.tif,2
n093_20_.tif,3
iv020_12_.tif,2
is075_12_.tif,1
n049_11_.tif,3
is033_22_.tif,1
b043_20_.tif,0
is026_01_.tif,1
n083_21_.tif,3
is080_21_.tif,1
iv092_10_.tif,2
is082_23_.tif,1
is035_20_.tif,1
b001_12_.tif,0
n006_02_.tif,3
b091_11_.tif,0
is087_02_.tif,1
n063_21_.tif,3
is073_10_.tif,1
n044_03_.tif,3
n025_02_.tif,3
is026_03_.tif,1
n001_03_.tif,3
b080_03_.tif,0
b049_20_.tif,0
is098_11_.tif,1
is004_21_.tif,1
iv026_13_.tif,2
is003_22_.tif,1
iv041_02_.tif,2
b077_03_.tif,0
b069_03_.tif,0
iv094_01_.tif,2
iv042_13_.tif,2
b084_21_.tif,0
is033_00_.tif,1
iv032_10_.tif,2
iv085_22_.tif,2
is068_01_.tif,1
iv014_23_.tif,2
iv060_23_.tif,2
n042_03_.tif,3
iv070_10_.tif,2
iv096_03_.tif,2
is090_11_.tif,1
is031_12_.tif,1
iv072_12_.tif,2
n004_12_.tif,3
iv047_23_.tif,2
is001_20_.tif,1
iv047_01_.tif,2
b086_10_.tif,0
iv052_12_.tif,2
is001_01_.tif,1
iv040_10_.tif,2
b048_02_.tif,0
n009_01_.tif,3
b094_13_.tif,0
n077_10_.tif,3
is064_10_.tif,1
n084_21_.tif,3
iv045_10_.tif,2
iv038_20_.tif,2
b072_11_.tif,0
n073_20_.tif,3
iv035_13_.tif,2
iv072_01_.tif,2
n074_03_.tif,3
iv078_12_.tif,2
b055_20_.tif,0
n030_01_.tif,3
b079_21_.tif,0
n097_22_.tif,3
iv084_22_.tif,2
b045_02_.tif,0
is021_22_.tif,1
n055_12_.tif,3
iv061_01_.tif,2
b088_01_.tif,0
iv042_02_.tif,2
n010_10_.tif,3
iv065_12_.tif,2
is070_12_.tif,1
is092_13_.tif,1
is082_22_.tif,1
iv042_22_.tif,2
n009_03_.tif,3
is080_22_.tif,1
b022_01_.tif,0
iv076_21_.tif,2
b011_12_.tif,0
n100_10_.tif,3
is063_22_.tif,1
is034_23_.tif,1
b091_23_.tif,0
n018_12_.tif,3
b062_22_.tif,0
is053_10_.tif,1
iv062_12_.tif,2
n071_10_.tif,3
n084_00_.tif,3
is005_12_.tif,1
n021_02_.tif,3
iv045_03_.tif,2
is031_02_.tif,1
b065_20_.tif,0
iv069_01_.tif,2
iv068_23_.tif,2
iv027_11_.tif,2
iv066_03_.tif,2
b030_13_.tif,0
b083_21_.tif,0
iv035_02_.tif,2
is048_20_.tif,1
iv022_10_.tif,2
iv051_13_.tif,2
is038_21_.tif,1
iv093_02_.tif,2
n076_10_.tif,3
n042_10_.tif,3
iv018_03_.tif,2
b090_21_.tif,0
b050_22_.tif,0
is087_20_.tif,1
is085_23_.tif,1
n014_20_.tif,3
iv004_20_.tif,2
iv044_12_.tif,2
b033_00_.tif,0
is094_10_.tif,1
b024_23_.tif,0
b093_12_.tif,0
iv042_20_.tif,2
n044_00_.tif,3
n064_01_.tif,3
iv072_21_.tif,2
b061_22_.tif,0
iv043_03_.tif,2
is072_10_.tif,1
is024_03_.tif,1
is046_13_.tif,1
iv100_22_.tif,2
n012_01_.tif,3
is037_22_.tif,1
b054_02_.tif,0
iv036_23_.tif,2
b059_11_.tif,0
n030_00_.tif,3
b012_20_.tif,0
b004_23_.tif,0
iv031_03_.tif,2
n041_12_.tif,3
is005_01_.tif,1
b058_02_.tif,0
n062_20_.tif,3
iv084_03_.tif,2
b014_21_.tif,0
iv016_11_.tif,2
is018_13_.tif,1
b055_22_.tif,0
is065_02_.tif,1
iv076_22_.tif,2
n076_23_.tif,3
iv009_23_.tif,2
iv040_13_.tif,2
b010_00_.tif,0
n022_11_.tif,3
b069_10_.tif,0
iv057_10_.tif,2
iv080_02_.tif,2
is058_23_.tif,1
is066_02_.tif,1
b024_01_.tif,0
iv017_20_.tif,2
is080_01_.tif,1
b072_10_.tif,0
n067_02_.tif,3
n089_03_.tif,3
is031_01_.tif,1
iv028_22_.tif,2
n070_00_.tif,3
iv036_21_.tif,2
b039_13_.tif,0
is016_13_.tif,1
is074_13_.tif,1
is066_12_.tif,1
is019_23_.tif,1
n090_01_.tif,3
n059_01_.tif,3
is008_20_.tif,1
is093_20_.tif,1
n013_21_.tif,3
is042_20_.tif,1
n091_12_.tif,3
iv042_10_.tif,2
iv068_02_.tif,2
b035_01_.tif,0
b055_13_.tif,0
is022_21_.tif,1
b016_21_.tif,0
is080_00_.tif,1
n098_00_.tif,3
is023_13_.tif,1
b017_02_.tif,0
n049_12_.tif,3
b023_03_.tif,0
is033_03_.tif,1
is007_03_.tif,1
is047_00_.tif,1
n031_03_.tif,3
is028_23_.tif,1
b100_03_.tif,0
iv100_01_.tif,2
is042_01_.tif,1
b094_23_.tif,0
n091_02_.tif,3
is050_22_.tif,1
iv006_20_.tif,2
is040_11_.tif,1
is012_21_.tif,1
is039_21_.tif,1
b003_12_.tif,0
n076_13_.tif,3
b044_20_.tif,0
iv067_12_.tif,2
is011_23_.tif,1
b047_12_.tif,0
is014_00_.tif,1
iv029_22_.tif,2
b042_13_.tif,0
b051_10_.tif,0
b078_20_.tif,0
n043_01_.tif,3
n054_10_.tif,3
b048_22_.tif,0
is045_02_.tif,1
b013_01_.tif,0
n094_23_.tif,3
iv003_13_.tif,2
n085_22_.tif,3
b002_01_.tif,0
is043_12_.tif,1
n050_11_.tif,3
iv047_03_.tif,2
is068_21_.tif,1
is077_12_.tif,1
is030_02_.tif,1
is049_02_.tif,1
iv056_11_.tif,2
b047_22_.tif,0
iv073_11_.tif,2
iv008_01_.tif,2
n095_20_.tif,3
b056_02_.tif,0
is029_12_.tif,1
is068_23_.tif,1
is006_00_.tif,1
n100_12_.tif,3
iv005_02_.tif,2
iv096_12_.tif,2
b006_21_.tif,0
iv092_00_.tif,2
iv021_01_.tif,2
n051_23_.tif,3
n023_10_.tif,3
iv077_20_.tif,2
iv001_03_.tif,2
n045_00_.tif,3
iv020_02_.tif,2
is064_13_.tif,1
n019_03_.tif,3
b063_21_.tif,0
is098_00_.tif,1
n066_23_.tif,3
is035_01_.tif,1
n023_21_.tif,3
b059_23_.tif,0
b019_11_.tif,0
iv072_02_.tif,2
n071_21_.tif,3
is054_23_.tif,1
b084_02_.tif,0
iv031_23_.tif,2
n020_11_.tif,3
is077_01_.tif,1
iv060_13_.tif,2
b089_20_.tif,0
is033_10_.tif,1
is025_20_.tif,1
b029_03_.tif,0
b058_21_.tif,0
n059_12_.tif,3
b044_21_.tif,0
n007_00_.tif,3
iv005_20_.tif,2
iv064_11_.tif,2
iv095_23_.tif,2
iv079_01_.tif,2
b008_01_.tif,0
n072_12_.tif,3
is096_21_.tif,1
n071_12_.tif,3
n059_00_.tif,3
is098_12_.tif,1
iv082_21_.tif,2
n048_02_.tif,3
iv042_03_.tif,2
is073_00_.tif,1
n075_20_.tif,3
b050_00_.tif,0
n069_20_.tif,3
is014_23_.tif,1
is045_20_.tif,1
iv085_02_.tif,2
iv088_01_.tif,2
b016_10_.tif,0
iv010_02_.tif,2
b041_20_.tif,0
n004_21_.tif,3
n041_22_.tif,3
n008_22_.tif,3
b004_02_.tif,0
n074_13_.tif,3
n064_22_.tif,3
iv058_10_.tif,2
is004_10_.tif,1
is083_22_.tif,1
is002_03_.tif,1
iv023_10_.tif,2
b037_20_.tif,0
n021_03_.tif,3
is010_10_.tif,1
b001_21_.tif,0
b019_12_.tif,0
is014_01_.tif,1
is030_10_.tif,1
b091_21_.tif,0
iv023_13_.tif,2
is053_20_.tif,1
iv060_21_.tif,2
b018_10_.tif,0
iv031_11_.tif,2
n063_03_.tif,3
iv054_02_.tif,2
b067_23_.tif,0
n011_22_.tif,3
b070_03_.tif,0
is079_01_.tif,1
n066_13_.tif,3
is077_13_.tif,1
n060_23_.tif,3
iv025_02_.tif,2
n072_22_.tif,3
is051_23_.tif,1
b066_12_.tif,0
is072_02_.tif,1
b080_02_.tif,0
n007_21_.tif,3
n063_00_.tif,3
b005_20_.tif,0
n015_03_.tif,3
n026_20_.tif,3
b053_10_.tif,0
is079_13_.tif,1
n003_23_.tif,3
b009_03_.tif,0
n060_02_.tif,3
iv096_20_.tif,2
b023_22_.tif,0
iv018_21_.tif,2
n080_22_.tif,3
b090_23_.tif,0
n024_00_.tif,3
n078_10_.tif,3
n083_01_.tif,3
b004_20_.tif,0
iv021_00_.tif,2
n031_20_.tif,3
iv083_21_.tif,2
n027_02_.tif,3
is080_10_.tif,1
is001_21_.tif,1
iv023_22_.tif,2
is023_02_.tif,1
is072_11_.tif,1
iv035_01_.tif,2
n051_12_.tif,3
iv080_20_.tif,2
n063_22_.tif,3
iv095_21_.tif,2
iv059_13_.tif,2
b050_11_.tif,0
b049_13_.tif,0
is043_23_.tif,1
is046_02_.tif,1
is032_22_.tif,1
is091_10_.tif,1
n056_13_.tif,3
b029_21_.tif,0
n065_00_.tif,3
n024_10_.tif,3
iv037_20_.tif,2
b047_02_.tif,0
b046_20_.tif,0
n086_11_.tif,3
n044_13_.tif,3
iv090_02_.tif,2
n089_10_.tif,3
is093_12_.tif,1
b031_22_.tif,0
iv077_23_.tif,2
iv055_00_.tif,2
b077_12_.tif,0
b016_00_.tif,0
is063_13_.tif,1
n016_00_.tif,3
is035_21_.tif,1
n005_12_.tif,3
n076_02_.tif,3
n050_20_.tif,3
b022_12_.tif,0
b095_20_.tif,0
iv085_03_.tif,2
b067_02_.tif,0
n017_10_.tif,3
iv091_20_.tif,2
n094_03_.tif,3
n053_20_.tif,3
b005_03_.tif,0
n005_13_.tif,3
iv080_00_.tif,2
n084_13_.tif,3
n017_13_.tif,3
n090_02_.tif,3
iv068_21_.tif,2
is070_21_.tif,1
is088_13_.tif,1
n013_03_.tif,3
iv046_11_.tif,2
is087_12_.tif,1
iv010_03_.tif,2
is092_11_.tif,1
b097_21_.tif,0
n020_02_.tif,3
is086_20_.tif,1
iv063_02_.tif,2
is001_23_.tif,1
b089_22_.tif,0
is049_01_.tif,1
n013_12_.tif,3
iv075_02_.tif,2
is083_12_.tif,1
b003_01_.tif,0
b015_00_.tif,0
is033_11_.tif,1
is038_12_.tif,1
iv011_02_.tif,2
n048_13_.tif,3
n051_02_.tif,3
iv092_01_.tif,2
b041_01_.tif,0
is076_23_.tif,1
b022_02_.tif,0
b041_00_.tif,0
is014_12_.tif,1
n037_10_.tif,3
iv089_22_.tif,2
n017_12_.tif,3
n084_01_.tif,3
iv065_23_.tif,2
is054_20_.tif,1
iv081_21_.tif,2
iv071_11_.tif,2
iv007_11_.tif,2
n043_22_.tif,3
is093_21_.tif,1
n087_00_.tif,3
is005_11_.tif,1
iv038_02_.tif,2
iv058_03_.tif,2
iv012_10_.tif,2
is030_22_.tif,1
b012_10_.tif,0
n076_12_.tif,3
n066_21_.tif,3
n044_01_.tif,3
iv086_03_.tif,2
n047_22_.tif,3
iv096_22_.tif,2
iv061_11_.tif,2
n047_11_.tif,3
b092_01_.tif,0
b040_02_.tif,0
is084_21_.tif,1
iv033_01_.tif,2
is084_00_.tif,1
b097_13_.tif,0
iv004_11_.tif,2
iv097_11_.tif,2
iv013_12_.tif,2
b034_03_.tif,0
n040_11_.tif,3
n099_02_.tif,3
iv066_22_.tif,2
is040_12_.tif,1
is051_01_.tif,1
iv012_22_.tif,2
is084_10_.tif,1
n085_13_.tif,3
is066_21_.tif,1
is087_21_.tif,1
n068_22_.tif,3
is100_22_.tif,1
n052_02_.tif,3
b090_02_.tif,0
iv065_01_.tif,2
b047_00_.tif,0
n072_02_.tif,3
iv063_13_.tif,2
iv039_11_.tif,2
n061_13_.tif,3
b038_13_.tif,0
b019_22_.tif,0
b012_11_.tif,0
b019_01_.tif,0
n022_21_.tif,3
b084_20_.tif,0
n058_01_.tif,3
is090_01_.tif,1
b098_13_.tif,0
is098_21_.tif,1
n092_00_.tif,3
iv072_23_.tif,2
b081_23_.tif,0
iv059_21_.tif,2
iv056_00_.tif,2
iv015_02_.tif,2
b059_22_.tif,0
is100_03_.tif,1
iv089_12_.tif,2
n063_10_.tif,3
n099_00_.tif,3
iv004_01_.tif,2
n095_03_.tif,3
n066_01_.tif,3
iv007_00_.tif,2
n032_10_.tif,3
n052_23_.tif,3
iv070_23_.tif,2
iv022_13_.tif,2
is031_03_.tif,1
iv046_00_.tif,2
n088_03_.tif,3
n056_11_.tif,3
is075_22_.tif,1
n033_22_.tif,3
b041_21_.tif,0
iv048_10_.tif,2
iv023_01_.tif,2
is084_23_.tif,1
iv059_23_.tif,2
is081_12_.tif,1
iv088_21_.tif,2
n076_03_.tif,3
iv077_10_.tif,2
iv087_02_.tif,2
b091_12_.tif,0
b038_11_.tif,0
b056_03_.tif,0
n006_13_.tif,3
n096_02_.tif,3
n012_12_.tif,3
is014_11_.tif,1
b076_02_.tif,0
is047_21_.tif,1
iv021_23_.tif,2
is078_10_.tif,1
n037_20_.tif,3
iv093_01_.tif,2
b073_22_.tif,0
n026_01_.tif,3
is071_02_.tif,1
b042_11_.tif,0
n073_01_.tif,3
b063_02_.tif,0
b070_10_.tif,0
n066_20_.tif,3
b081_00_.tif,0
is021_12_.tif,1
b025_03_.tif,0
iv039_23_.tif,2
n007_23_.tif,3
is062_20_.tif,1
iv004_02_.tif,2
iv052_01_.tif,2
is053_02_.tif,1
is070_20_.tif,1
b070_13_.tif,0
n100_03_.tif,3
n063_11_.tif,3
iv062_01_.tif,2
iv030_11_.tif,2
b090_20_.tif,0
n055_00_.tif,3
b022_03_.tif,0
iv048_11_.tif,2
is013_20_.tif,1
b022_00_.tif,0
b010_01_.tif,0
n049_10_.tif,3
n032_02_.tif,3
n070_23_.tif,3
n032_23_.tif,3
is037_21_.tif,1
b013_23_.tif,0
iv035_12_.tif,2
is050_03_.tif,1
is033_13_.tif,1
iv021_21_.tif,2
b078_01_.tif,0
is021_02_.tif,1
b017_23_.tif,0
n020_12_.tif,3
iv065_13_.tif,2
n055_22_.tif,3
is027_02_.tif,1
b095_11_.tif,0
is049_23_.tif,1
is028_01_.tif,1
n099_21_.tif,3
iv099_23_.tif,2
n033_13_.tif,3
iv074_20_.tif,2
n078_21_.tif,3
b060_12_.tif,0
iv039_12_.tif,2
b010_11_.tif,0
iv085_10_.tif,2
is080_02_.tif,1
n016_03_.tif,3
n046_22_.tif,3
b062_10_.tif,0
iv077_01_.tif,2
n048_23_.tif,3
n050_00_.tif,3
iv012_11_.tif,2
is019_01_.tif,1
n021_20_.tif,3
n063_20_.tif,3
n064_13_.tif,3
iv095_12_.tif,2
n072_21_.tif,3
iv021_02_.tif,2
iv096_01_.tif,2
b092_03_.tif,0
is085_22_.tif,1
n100_01_.tif,3
is076_01_.tif,1
n092_21_.tif,3
is089_10_.tif,1
is041_12_.tif,1
is044_12_.tif,1
is001_13_.tif,1
n018_01_.tif,3
iv009_01_.tif,2
b004_22_.tif,0
iv001_10_.tif,2
iv015_21_.tif,2
iv001_20_.tif,2
n029_20_.tif,3
n041_02_.tif,3
b007_21_.tif,0
n016_10_.tif,3
iv067_01_.tif,2
b001_02_.tif,0
b064_11_.tif,0
iv098_00_.tif,2
b038_21_.tif,0
iv057_00_.tif,2
b060_13_.tif,0
b016_20_.tif,0
n061_21_.tif,3
iv055_21_.tif,2
is058_22_.tif,1
is012_03_.tif,1
n067_22_.tif,3
b003_23_.tif,0
iv085_13_.tif,2
is016_00_.tif,1
is009_11_.tif,1
is047_10_.tif,1
b077_22_.tif,0
iv053_11_.tif,2
n032_00_.tif,3
iv010_00_.tif,2
is048_02_.tif,1
n057_02_.tif,3
b014_03_.tif,0
n074_01_.tif,3
iv068_22_.tif,2
b025_13_.tif,0
b083_00_.tif,0
b059_00_.tif,0
iv084_00_.tif,2
n002_01_.tif,3
n068_23_.tif,3
b051_21_.tif,0
b036_11_.tif,0
iv009_20_.tif,2
iv044_10_.tif,2
b076_01_.tif,0
is077_21_.tif,1
is016_11_.tif,1
is027_03_.tif,1
is053_21_.tif,1
iv067_21_.tif,2
n096_11_.tif,3
iv005_22_.tif,2
iv067_22_.tif,2
is084_13_.tif,1
n027_13_.tif,3
is013_01_.tif,1
iv046_01_.tif,2
iv058_00_.tif,2
b082_10_.tif,0
iv051_23_.tif,2
b051_02_.tif,0
n024_11_.tif,3
is054_03_.tif,1
iv044_11_.tif,2
b064_20_.tif,0
iv028_00_.tif,2
n010_00_.tif,3
iv007_02_.tif,2
is023_00_.tif,1
iv033_20_.tif,2
is093_23_.tif,1
is039_11_.tif,1
iv082_20_.tif,2
n014_00_.tif,3
is006_01_.tif,1
b087_00_.tif,0
n007_10_.tif,3
b026_22_.tif,0
iv087_12_.tif,2
is070_23_.tif,1
is075_20_.tif,1
n020_20_.tif,3
iv055_12_.tif,2
b041_13_.tif,0
is058_20_.tif,1
is007_11_.tif,1
b068_23_.tif,0
n077_01_.tif,3
iv078_13_.tif,2
iv030_00_.tif,2
iv097_22_.tif,2
b010_13_.tif,0
n040_21_.tif,3
iv029_23_.tif,2
iv032_21_.tif,2
n044_20_.tif,3
n093_10_.tif,3
iv087_20_.tif,2
n004_11_.tif,3
n039_20_.tif,3
iv077_12_.tif,2
n004_00_.tif,3
is011_12_.tif,1
iv075_20_.tif,2
b012_03_.tif,0
n058_20_.tif,3
is093_01_.tif,1
b077_23_.tif,0
is045_00_.tif,1
is015_10_.tif,1
b039_22_.tif,0
is081_11_.tif,1
n088_10_.tif,3
iv007_21_.tif,2
iv089_11_.tif,2
b045_03_.tif,0
b075_22_.tif,0
is010_01_.tif,1
iv049_01_.tif,2
n086_12_.tif,3
is087_03_.tif,1
is019_12_.tif,1
b098_03_.tif,0
is051_13_.tif,1
iv045_23_.tif,2
n080_13_.tif,3
is013_00_.tif,1
b069_02_.tif,0
iv012_20_.tif,2
n096_20_.tif,3
iv065_22_.tif,2
b061_13_.tif,0
n011_13_.tif,3
b009_22_.tif,0
n035_23_.tif,3
b002_21_.tif,0
iv063_20_.tif,2
is065_10_.tif,1
is095_21_.tif,1
is067_00_.tif,1
n074_02_.tif,3
b099_22_.tif,0
is091_02_.tif,1
is003_21_.tif,1
b086_11_.tif,0
is015_21_.tif,1
b032_00_.tif,0
is030_03_.tif,1
iv068_10_.tif,2
n070_03_.tif,3
is007_13_.tif,1
iv039_10_.tif,2
iv032_03_.tif,2
n090_00_.tif,3
iv100_12_.tif,2
n071_01_.tif,3
n045_02_.tif,3
iv092_03_.tif,2
is085_03_.tif,1
n038_02_.tif,3
iv014_22_.tif,2
n017_03_.tif,3
is062_21_.tif,1
is055_12_.tif,1
iv100_13_.tif,2
is068_02_.tif,1
is075_01_.tif,1
iv051_21_.tif,2
n100_13_.tif,3
b078_11_.tif,0
iv062_13_.tif,2
b054_10_.tif,0
n073_11_.tif,3
is028_03_.tif,1
b010_23_.tif,0
b083_20_.tif,0
iv003_01_.tif,2
n027_10_.tif,3
n081_22_.tif,3
n077_21_.tif,3
iv040_22_.tif,2
b026_00_.tif,0
is090_00_.tif,1
n039_03_.tif,3
b046_11_.tif,0
n060_13_.tif,3
iv026_00_.tif,2
iv019_20_.tif,2
n011_21_.tif,3
n087_12_.tif,3
n077_11_.tif,3
b046_12_.tif,0
b061_23_.tif,0
b094_22_.tif,0
n085_23_.tif,3
iv062_03_.tif,2
iv056_12_.tif,2
b095_10_.tif,0
n040_10_.tif,3
n072_10_.tif,3
iv037_00_.tif,2
n079_01_.tif,3
iv081_12_.tif,2
n092_22_.tif,3
b079_10_.tif,0
b005_10_.tif,0
iv018_13_.tif,2
n026_03_.tif,3
iv053_23_.tif,2
is073_20_.tif,1
b094_20_.tif,0
iv017_22_.tif,2
b020_21_.tif,0
is017_23_.tif,1
is017_20_.tif,1
n057_12_.tif,3
is013_02_.tif,1
b056_13_.tif,0
n065_20_.tif,3
is005_13_.tif,1
iv099_00_.tif,2
n016_21_.tif,3
b074_10_.tif,0
is023_23_.tif,1
n002_21_.tif,3
b095_13_.tif,0
iv050_22_.tif,2
b019_21_.tif,0
b011_01_.tif,0
b027_10_.tif,0
n074_23_.tif,3
iv018_02_.tif,2
iv008_00_.tif,2
b098_22_.tif,0
iv023_12_.tif,2
b045_10_.tif,0
b072_21_.tif,0
is029_20_.tif,1
iv056_23_.tif,2
is078_23_.tif,1
b034_02_.tif,0
iv022_03_.tif,2
is090_03_.tif,1
b015_13_.tif,0
b066_00_.tif,0
b084_22_.tif,0
b012_01_.tif,0
is026_22_.tif,1
iv053_01_.tif,2
n029_23_.tif,3
b097_11_.tif,0
is094_02_.tif,1
iv052_20_.tif,2
b062_23_.tif,0
iv092_21_.tif,2
is027_00_.tif,1
b062_20_.tif,0
b071_13_.tif,0
n012_22_.tif,3
n081_00_.tif,3
n086_22_.tif,3
iv056_03_.tif,2
iv012_01_.tif,2
iv008_03_.tif,2
n047_12_.tif,3
n053_10_.tif,3
is022_03_.tif,1
b097_12_.tif,0
is056_03_.tif,1
is070_13_.tif,1
b033_03_.tif,0
b024_12_.tif,0
is058_13_.tif,1
is064_12_.tif,1
n016_11_.tif,3
is023_20_.tif,1
b063_11_.tif,0
is099_20_.tif,1
b049_10_.tif,0
is067_10_.tif,1
b088_03_.tif,0
iv095_03_.tif,2
n026_22_.tif,3
is008_21_.tif,1
is021_00_.tif,1
iv063_21_.tif,2
iv041_00_.tif,2
iv059_02_.tif,2
is056_02_.tif,1
is098_01_.tif,1
iv009_00_.tif,2
n085_21_.tif,3
n050_23_.tif,3
b066_23_.tif,0
b034_23_.tif,0
iv082_03_.tif,2
n028_01_.tif,3
is022_20_.tif,1
is052_03_.tif,1
is032_02_.tif,1
iv014_13_.tif,2
is080_13_.tif,1
n098_22_.tif,3
b095_02_.tif,0
b067_21_.tif,0
is088_22_.tif,1
is039_20_.tif,1
b005_23_.tif,0
b081_11_.tif,0
iv031_10_.tif,2
is018_11_.tif,1
b034_12_.tif,0
is079_21_.tif,1
b082_00_.tif,0
n067_10_.tif,3
is011_20_.tif,1
iv075_00_.tif,2
b014_01_.tif,0
b025_22_.tif,0
is096_02_.tif,1
b095_00_.tif,0
n062_01_.tif,3
is099_10_.tif,1
b063_00_.tif,0
b089_11_.tif,0
iv006_01_.tif,2
b030_01_.tif,0
iv100_03_.tif,2
is051_11_.tif,1
is020_00_.tif,1
is083_20_.tif,1
iv029_21_.tif,2
is017_11_.tif,1
n061_01_.tif,3
is067_02_.tif,1
iv075_11_.tif,2
iv091_23_.tif,2
iv074_12_.tif,2
b070_23_.tif,0
is069_10_.tif,1
n027_12_.tif,3
b073_12_.tif,0
b076_23_.tif,0
n052_10_.tif,3
b023_23_.tif,0
is036_21_.tif,1
b086_20_.tif,0
n045_12_.tif,3
iv010_12_.tif,2
iv074_03_.tif,2
iv009_02_.tif,2
b006_13_.tif,0
is046_03_.tif,1
iv066_00_.tif,2
n057_22_.tif,3
b008_03_.tif,0
iv036_00_.tif,2
iv063_00_.tif,2
n087_02_.tif,3
b001_22_.tif,0
b012_00_.tif,0
is064_02_.tif,1
iv045_01_.tif,2
iv022_11_.tif,2
b034_10_.tif,0
n050_02_.tif,3
b078_12_.tif,0
n062_21_.tif,3
is023_12_.tif,1
b054_21_.tif,0
n026_21_.tif,3
is028_22_.tif,1
is067_22_.tif,1
n039_10_.tif,3
n095_01_.tif,3
iv056_10_.tif,2
b072_12_.tif,0
iv041_10_.tif,2
is014_21_.tif,1
is055_22_.tif,1
is081_10_.tif,1
b089_02_.tif,0
is075_23_.tif,1
iv079_12_.tif,2
is043_01_.tif,1
b031_10_.tif,0
b096_01_.tif,0
n021_01_.tif,3
is013_03_.tif,1
iv053_10_.tif,2
b056_22_.tif,0
b090_12_.tif,0
iv075_21_.tif,2
is058_10_.tif,1
is079_10_.tif,1
n019_00_.tif,3
n017_23_.tif,3
b091_03_.tif,0
is078_21_.tif,1
is007_21_.tif,1
is092_02_.tif,1
n071_02_.tif,3
b091_13_.tif,0
b073_20_.tif,0
b085_23_.tif,0
is040_23_.tif,1
iv097_21_.tif,2
b063_10_.tif,0
b058_22_.tif,0
is081_03_.tif,1
is015_00_.tif,1
n096_00_.tif,3
iv025_01_.tif,2
n068_11_.tif,3
is030_12_.tif,1
is045_13_.tif,1
is059_11_.tif,1
b057_13_.tif,0
iv027_23_.tif,2
is021_10_.tif,1
b042_02_.tif,0
n071_03_.tif,3
is038_10_.tif,1
iv005_12_.tif,2
b081_22_.tif,0
n094_00_.tif,3
b098_20_.tif,0
b048_23_.tif,0
is009_23_.tif,1
b063_13_.tif,0
n077_20_.tif,3
is049_22_.tif,1
n012_00_.tif,3
iv100_11_.tif,2
b088_10_.tif,0
b036_21_.tif,0
n082_11_.tif,3
b051_12_.tif,0
is066_11_.tif,1
n038_03_.tif,3
b071_03_.tif,0
n004_02_.tif,3
n055_20_.tif,3
is034_12_.tif,1
is083_10_.tif,1
n058_22_.tif,3
is044_13_.tif,1
iv013_22_.tif,2
b073_01_.tif,0
n048_03_.tif,3
iv011_10_.tif,2
n040_20_.tif,3
n045_13_.tif,3
b040_11_.tif,0
iv062_00_.tif,2
n050_12_.tif,3
n044_10_.tif,3
is023_11_.tif,1
is039_03_.tif,1
is021_01_.tif,1
b028_21_.tif,0
b011_21_.tif,0
n045_22_.tif,3
b005_02_.tif,0
is046_12_.tif,1
b076_10_.tif,0
b064_00_.tif,0
iv094_22_.tif,2
n033_11_.tif,3
b086_21_.tif,0
b034_01_.tif,0
iv018_22_.tif,2
iv027_22_.tif,2
iv091_21_.tif,2
n035_01_.tif,3
iv026_21_.tif,2
b014_02_.tif,0
iv046_02_.tif,2
is053_12_.tif,1
b027_20_.tif,0
b072_02_.tif,0
b020_00_.tif,0
is030_00_.tif,1
b040_21_.tif,0
is026_10_.tif,1
n044_12_.tif,3
iv056_21_.tif,2
n041_03_.tif,3
b095_22_.tif,0
is015_20_.tif,1
b053_22_.tif,0
is003_03_.tif,1
iv011_21_.tif,2
iv017_10_.tif,2
iv029_20_.tif,2
